{
  "key": "XGB__S2",
  "threshold": 0.4,
  "cv_f1": 0.9571533501999511,
  "test_f1_default": 0.9572354920791266,
  "test_f1_tuned": 0.957645719860174,
  "test_auc": 0.9950666192721214
}